<?xml version="1.0" encoding="UTF-8"?>
<project-private xmlns="http://www.netbeans.org/ns/project-private/1">
    <editor-bookmarks xmlns="http://www.netbeans.org/ns/editor-bookmarks/2" lastBookmarkId="0"/>
    <open-files xmlns="http://www.netbeans.org/ns/projectui-open-files/2">
        <group>
            <file>file:/D:/SMT%203/praktikum/projekakhir/src/projekakhir/login.java</file>
            <file>file:/D:/SMT%203/praktikum/projekakhir/src/projekakhir/Projekakhir.java</file>
            <file>file:/D:/SMT%203/praktikum/projekakhir/src/projekakhir/register.java</file>
            <file>file:/D:/SMT%203/praktikum/projekakhir/src/projekakhir/homeuser.java</file>
            <file>file:/D:/SMT%203/praktikum/projekakhir/src/projekakhir/homeadmin.java</file>
            <file>file:/D:/SMT%203/praktikum/projekakhir/src/projekakhir/themodel.java</file>
            <file>file:/D:/SMT%203/praktikum/projekakhir/src/projekakhir/koneksi.java</file>
            <file>file:/D:/SMT%203/praktikum/projekakhir/src/projekakhir/querynya.java</file>
        </group>
    </open-files>
</project-private>
